{
  "id": "run_20241117_193922",
  "timestamp": "20241117_193922",
  "description": "WiFi Signal Prediction - Data Collection",
  "path": "results/run_20241117_193922",
  "metrics": {
    "knn": {
      "rmse": 0.058480003515189324,
      "r2": 0.9961534478700871,
      "cv_rmse_mean": 0.13852857149248196,
      "cv_rmse_std": 0.07144760847694807
    },
    "svr": {
      "rmse": 0.07378634978576808,
      "r2": 0.9938763706623869,
      "cv_rmse_mean": 0.08804140001854918,
      "cv_rmse_std": 0.01726079853902332
    },
    "rf": {
      "rmse": 0.027509079001375402,
      "r2": 0.9991488444339844,
      "cv_rmse_mean": 0.027877940642864855,
      "cv_rmse_std": 0.01973822620905421
    }
  },
  "files": {
    "data": [
      "wifi_data.csv"
    ],
    "visualizations": [],
    "models": [],
    "floor_plans": []
  }
}